"Date of Birth","Passport id","Student.First Name","Student.Last Name","Blood type","Gender"
"08/08/94","F193I898722","Refat","Natali","O+","Female"
"14/06/94","G213H6876","Arianna","Kim","A-","Male"
"03/05/93","E122C7613","Inge","Bego","O+","Female"
"27/11/95","E236I5047","Alush","Bauyrzhan","A+","Male"
"28/12/93","I119I9824","Luo+Ping","Palbo","O-","Male"
"06/01/93","I206A9659","Dang","Hansine","AB+","Male"
"07/05/94","A114C7641","Sanaa","Shu+Zhe","O+","Female"
"27/01/95","E300H7502","Primiano","Patricio","AB-","Male"
"19/12/93","G219F9309","Eskarne","Ozren","A-","Male"
"16/07/94","C195F5934","Friedlind","Snævar","AB-","Male"
"26/10/93","F242E6691","Silvie","Kalo","A+","Female"
"06/02/94","D195D9493","Chuan+Yu","Impress","A-","Male"
"07/02/94","A286D8586","Boyka","Ted","AB+","Female"
"05/04/95","G226B9008","Mei+Chi","Ming+Qiang","O-","Male"
"20/10/93","G158I8053","Laci","Alastair","A+","Female"
"16/08/95","D172B8726","Folmine","Tei","A-","Male"
"25/07/95","D292E6677","Heije","Tian+Bao","B+","Male"
"10/06/93","B107F9561","Jocelin","Teo","B-","Male"
"27/10/94","D142I7007","Adolphe","Boriss","O+","Male"
"23/03/95","C125F7640","Amitava","Quang","AB+","Male"
"01/11/93","H203E7861","Kun+Lin","Randi","A+","Male"
"16/08/93","E198F5067","Makhmud","Simbad","O+","Female"
"17/08/93","I229G8627","Ihno","Ekke","AB-","Male"
"16/07/95","D161I6944","Ai+Wei","Musli","A+","Male"
"20/03/93","E168A8556","Christward","Dorel","A-","Female"
"15/10/94","G237G5382","Eward","Smaragda","A-","Female"
"19/10/95","B245H5168","Rowdy","Jin+Cun","A-","Female"
"03/07/93","G222G8347","Marilee","Noemi","AB-","Male"
"27/12/94","C277F5942","Lupita","Rui+Chun","O-","Female"
"25/11/94","F296I6318","Sibe","Alptu","O-","Female"
"15/01/95","A165E9973","Danielle","Fawzi","B-","Male"
"02/01/93","G123C6077","Stefanino","Chedva","AB+","Male"
"13/09/94","F202B6991","Elmars","Nidaa","AB-","Male"
"01/04/94","D174I8785","Carmena","Hew","A+","Female"
"28/09/94","F188G6883","Mitit","Friedo","A+","Male"
"09/06/95","B207I9427","Lene","Kam Ming","O+","Female"
"06/05/93","A158E6453","Bengüsu","Maral","O-","Male"
"24/04/93","G236C7367","Henriane","Magomed","AB-","Female"
"18/03/94","G240A8482","Nadhim","Florenzo","O-","Female"
"09/06/93","H268D7080","Su+Chen","Elve","O+","Male"
"05/06/94","F234E8194","Gocha","Neliha","B+","Female"
"24/08/93","E136A5306","Bardha","Sivananthan","A-","Female"
"15/10/94","C240H8031","Aldi","Katrina","O-","Female"
"24/03/94","I193G8321","Reelika","Aljoscha","A+","Female"
"27/06/94","C259B9895","Alya","Gert","O+","Female"
"08/10/94","C140A6549","Engelberta","Artan","AB-","Female"
"19/09/95","F291D7684","Kyung+Ja","Ritsa","AB-","Female"
"11/02/93","C248B6905","Cristóvão","Adolf","B-","Male"
"16/02/93","E222C5387","Maksym","Alexej","A-","Female"
"05/02/93","A203C8503","Mamta","Birtha","O+","Female"
"11/05/93","D282H5926","Qu","Franka","A-","Male"
"16/01/93","A181A7261","Santino","Jennita","O-","Female"
"11/04/93","A107E7669","Muhterem","Qing Jian","AB-","Male"
"13/01/93","C180A9432","Quintus","Ignaz","A-","Male"
"06/12/93","H258I5775","Octaviean","Sheval","AB+","Female"
"27/10/93","H207F8884","Biggi","Hafren","A+","Male"
"12/10/93","C202C5654","Dong+Hwa","Beschir","B+","Male"
"14/11/93","H214E7302","Alexandros","Malakeh","A+","Female"
"17/08/95","E194D7104","Pei+Ming","Tian+Tian","AB+","Female"
"15/11/93","D288G5298","Durk","Mariliza","O-","Female"
"03/07/93","F212E6749","Eunice","So Hwan","B-","Male"
"21/08/93","I113A7725","Edelmut","Bobi","O-","Female"
"14/05/93","B105I7772","Petja","Cesar","AB+","Male"
"22/01/94","F237I6757","Fachtna","Seo","AB+","Female"
"27/09/94","H238H6612","Fiorello","Antu","O-","Female"
"22/02/94","H227I5821","Trea","Silvestre","O-","Female"
"27/10/94","B294H5722","Arnhold","Maisy","O+","Female"
"27/11/93","C233B7199","Tifanie","Samira","O+","Male"
"04/05/94","H292E6722","Shi+Liang","Magnþóra","B-","Male"
"25/03/94","E175A7258","Ceca","Adama","A+","Male"
"23/01/93","G263C6339","Soumia","Gligorije","AB+","Female"
"24/12/94","C236F6011","Chien+Min","Irfan","B-","Female"
"08/01/95","G138E8700","Margeir","Smajo","AB+","Male"
"24/07/94","H144H6224","Poseidon","Stojko","A-","Female"
"04/11/94","D182D6438","Dico","Aty","AB-","Male"
"28/09/93","D176B7482","Asel","Kaden","AB-","Female"
"12/12/94","A116A5949","Thelma","Dan+Ling","B+","Male"
"26/06/95","D114D5052","Alysa","Carline","O+","Male"
"07/04/93","G194I7411","Leri","Halida","AB-","Male"
"01/11/93","B103D5597","Kati","Gerd","O-","Male"
"14/03/95","H252B7358","Song Yu","Redon","B+","Male"
"06/08/94","I178D9035","Guilain","Hlver","B+","Female"
"07/04/93","A135H7268","Li Xia","Alexina","A-","Male"
"13/07/94","I224H7974","Valdemara","Anicette","B+","Female"
"17/09/94","G288H6343","Tsubasa","Erbil","A+","Male"
"16/04/93","D144I7429","Kenan","Lina","O-","Female"
"14/05/95","D230D9202","Ming+Tao","Roelofke","B-","Female"
"04/07/95","C134B8514","Feras","Niv","A-","Female"
"10/12/95","E277A9345","Ína","Amédé","O-","Female"
"13/09/95","B165I8646","Boshko","Balduino","O+","Female"
"18/11/93","E282F5666","Stiina","Everbert","AB+","Female"
"27/11/93","C250I7739","Gwerfyl","Rémi","A+","Male"
"24/11/94","I148F8499","Doritta","Dora","O+","Male"
"28/11/95","I161H6029","Trini","Dong+Keun","AB+","Female"
"28/03/93","B205A8589","Lovise","Ji+Kui","AB+","Female"
"27/03/95","H104H6344","Ishilde","Jalldëz","B+","Female"
"17/06/93","I212A5244","Joselyne","Godi","B-","Female"
"16/02/95","C161A7431","Lyndi","Muamir","O+","Female"
